,title,score,id,url,comms_num,created,body
0,What are your thoughts about a Reddit IPO?,18,rhix16,https://www.reddit.com/r/AskReddit/comments/rhix16/what_are_your_thoughts_about_a_reddit_ipo/,21,1639630360.0,
1,"Reddit has filed for going public, what changes to the site do you expect to happen before/after a Reddit IPO? [serious]",6,rilf3o,https://www.reddit.com/r/AskReddit/comments/rilf3o/reddit_has_filed_for_going_public_what_changes_to/,11,1639759395.0,
2,What are your thoughts on the Reddit IPO?,1,rz9tpo,https://www.reddit.com/r/AskReddit/comments/rz9tpo/what_are_your_thoughts_on_the_reddit_ipo/,5,1641675519.0,
3,"Reddit IPOs in 2022, how long does it take for it to get “Digg’d”?",0,ruqrs8,https://www.reddit.com/r/AskReddit/comments/ruqrs8/reddit_ipos_in_2022_how_long_does_it_take_for_it/,4,1641177568.0,
4,What do you think of the Reddit IPO?,3,rhrw6n,https://www.reddit.com/r/AskReddit/comments/rhrw6n/what_do_you_think_of_the_reddit_ipo/,3,1639665040.0,
5,What are your thoughts on the Reddit IPO?,1,rjre88,https://www.reddit.com/r/AskReddit/comments/rjre88/what_are_your_thoughts_on_the_reddit_ipo/,4,1639897813.0,
6,What social media platform will you pivot to once Reddit IPOs and becomes like the rest of the publicly traded social media networks?,1,ri7sfb,https://www.reddit.com/r/AskReddit/comments/ri7sfb/what_social_media_platform_will_you_pivot_to_once/,5,1639711401.0,
7,How do the mods of this sub feel about the Reddit IPO?,0,rslim1,https://www.reddit.com/r/AskReddit/comments/rslim1/how_do_the_mods_of_this_sub_feel_about_the_reddit/,0,1640925394.0,
8,Reddit IPO Announcement What do? Where next Fam?,3,rhp5f7,https://www.reddit.com/r/AskReddit/comments/rhp5f7/reddit_ipo_announcement_what_do_where_next_fam/,0,1639655387.0,
9,Reddit announced it will be going public through an IPO. What should it's ticker symbol be?,0,rv35bl,https://www.reddit.com/r/AskReddit/comments/rv35bl/reddit_announced_it_will_be_going_public_through/,10,1641220815.0,
10,How much would a corporation have to pay you for your Reddit account post IPO?,0,s08hnn,https://www.reddit.com/r/AskReddit/comments/s08hnn/how_much_would_a_corporation_have_to_pay_you_for/,6,1641781383.0,
11,How will Reddit change after it IPOs?,3,rpg82e,https://www.reddit.com/r/AskReddit/comments/rpg82e/how_will_reddit_change_after_it_ipos/,6,1640584380.0,
12,How do you feel about Reddit’s upcoming ipo?,2,rp9bx3,https://www.reddit.com/r/AskReddit/comments/rp9bx3/how_do_you_feel_about_reddits_upcoming_ipo/,6,1640563009.0,
13,How do you think Aaron Swartz would feel about Reddits plans for their IPO?,2,rjg1bh,https://www.reddit.com/r/AskReddit/comments/rjg1bh/how_do_you_think_aaron_swartz_would_feel_about/,9,1639859880.0,
14,What will change on Reddit after their IPO?,1,rk0rvr,https://www.reddit.com/r/AskReddit/comments/rk0rvr/what_will_change_on_reddit_after_their_ipo/,11,1639933189.0,
15,"Now that Reddit is filing for IPO, where should we move to now?",4,ri90ey,https://www.reddit.com/r/AskReddit/comments/ri90ey/now_that_reddit_is_filing_for_ipo_where_should_we/,5,1639715358.0,
16,What (after the IPO) would you have planned in giving back to community if you were reddit CEO?,0,rrdm7j,https://www.reddit.com/r/AskReddit/comments/rrdm7j/what_after_the_ipo_would_you_have_planned_in/,3,1640799201.0,
17,How do you think Reddit will change after it’s IPO?,0,ri96uk,https://www.reddit.com/r/AskReddit/comments/ri96uk/how_do_you_think_reddit_will_change_after_its_ipo/,9,1639715943.0,
18,What do you think that Reddit has filed confidentially for an IPO?,1,rhqmn3,https://www.reddit.com/r/AskReddit/comments/rhqmn3/what_do_you_think_that_reddit_has_filed/,10,1639660928.0,
19,Will Reddit’s upcoming IPO moon and why?,0,rn2m1m,https://www.reddit.com/r/AskReddit/comments/rn2m1m/will_reddits_upcoming_ipo_moon_and_why/,6,1640285892.0,
